id,organizationId,type,direction,subject,body,occurredAt,source,externalRef,connectionId,threadRef,durationSeconds,callOutcome,recordingUrl,transcript,externalCallId,rawBodyTransient,aiSummary,sentiment,nextStep,summaryStatus,summaryError,createdAt
68f83516-6665-4c06-8f36-4a9e06bf16ed,d9f4cdcc-7391-4ec2-9c51-e3511ccfd0ed,CALL,OUTBOUND,Call with Dana,"Rep: Thanks for making the time. I know you were waiting on the security review before we talked commercials.

Contact: That's right. Marcus came back yesterday — he's satisfied with the data-handling summary. No blockers from his side.

Rep: That's good to hear. So where does that leave us?

Contact: Budget's approved. Finance signed off this morning for the forty-seat pilot. What I need from you is the paperwork, and we'd like to be live by the start of next month.

Rep: I can have the agreement over to you today. On timing, forty seats provisioned inside a week is realistic once it's signed.

Contact: Good. Send it across and I'll get it turned around this week.

Rep: Will do. I'll also include the onboarding plan so your team knows what the first fortnight looks like.

Contact: Appreciated. Talk soon.",2026-08-06T05:47:21.425Z,HUMAN,,,,442,CONNECTED,sim://recordings/sim-call-d473c3ad-4531-4d45-8063-178e48263e32,"Rep: Thanks for making the time. I know you were waiting on the security review before we talked commercials.

Contact: That's right. Marcus came back yesterday — he's satisfied with the data-handling summary. No blockers from his side.

Rep: That's good to hear. So where does that leave us?

Contact: Budget's approved. Finance signed off this morning for the forty-seat pilot. What I need from you is the paperwork, and we'd like to be live by the start of next month.

Rep: I can have the agreement over to you today. On timing, forty seats provisioned inside a week is realistic once it's signed.

Contact: Good. Send it across and I'll get it turned around this week.

Rep: Will do. I'll also include the onboarding plan so your team knows what the first fortnight looks like.

Contact: Appreciated. Talk soon.",sim-call-d473c3ad-4531-4d45-8063-178e48263e32,,Rep: Thanks for making the time. I know you were waiting on the security review before we talked commercials. Contact: That's right.,POSITIVE,Get it turned around this week,DONE,,2026-08-06T05:47:21.426Z
078b38eb-6437-47be-b714-6fddcca91b3c,d9f4cdcc-7391-4ec2-9c51-e3511ccfd0ed,EMAIL,INBOUND,Re: Northwind — pilot scope,"Hi,

Thanks for sending the scope over. I walked the team through it this morning and the reaction was positive. The 40-seat pilot looks right for us.

Two things before we go further: we need SSO on day one, and our security team will want to see your data-handling summary.

Can we get 30 minutes on Thursday?

Best,
Dana",2026-07-31T03:30:00.000Z,AGENT_INFERRED,sim-msg-001,7e93e369-f261-4f3d-94a9-f9f8d058848e,sim-thread-northwind,,,,,,,"Hi, Thanks for sending the scope over. I walked the team through it this morning and the reaction was positive. The 40-seat pilot looks right for us.",POSITIVE,Get 30 minutes on Thursday,DONE,,2026-08-06T05:46:40.780Z
559cf950-4378-403d-8eed-5e3386e6ead4,d9f4cdcc-7391-4ec2-9c51-e3511ccfd0ed,EMAIL,INBOUND,Re: Northwind — pilot scope (looping in security),"Adding Marcus from our security side.

Marcus, this is the vendor I mentioned. They've got the data-handling summary coming ahead of Thursday.

Dana",2026-08-01T05:30:00.000Z,AGENT_INFERRED,sim-msg-003,7e93e369-f261-4f3d-94a9-f9f8d058848e,sim-thread-northwind,,,,,,,"Adding Marcus from our security side. Marcus, this is the vendor I mentioned. They've got the data-handling summary coming ahead of Thursday.",NEUTRAL,,DONE,,2026-08-06T05:46:40.875Z
8943afb8-070f-4cba-8724-98b412dbf973,d9f4cdcc-7391-4ec2-9c51-e3511ccfd0ed,EMAIL,OUTBOUND,Re: Northwind — pilot scope,"Dana,

Thursday at 2pm works. I'll send an invite.

SSO is included in the plan you're looking at, and I'll attach the data-handling summary ahead of the call so your security team has time with it.

Speak Thursday,",2026-07-31T08:30:00.000Z,AGENT_INFERRED,sim-msg-002,7e93e369-f261-4f3d-94a9-f9f8d058848e,sim-thread-northwind,,,,,,,"Dana, Thursday at 2pm works. I'll send an invite. SSO is included in the plan you're looking at, and I'll attach the data-handling summary ahead of the call so your security team has time with it.",NEUTRAL,Send an invite,DONE,,2026-08-06T05:46:40.840Z
8b4c6bcc-db8d-4ad8-ba00-4f959f5c8f60,d9f4cdcc-7391-4ec2-9c51-e3511ccfd0ed,EMAIL,INBOUND,Re: Northwind — pilot scope,"Good news — budget is approved for the 40-seat pilot.

Finance signed off this morning. Send the paperwork over and we'll get it turned around this week. We're aiming to be live by the start of next month.

Dana",2026-08-04T03:30:00.000Z,AGENT_INFERRED,sim-msg-004,7e93e369-f261-4f3d-94a9-f9f8d058848e,sim-thread-northwind,,,,,,,Good news — budget is approved for the 40-seat pilot. Finance signed off this morning. Send the paperwork over and we'll get it turned around this week.,POSITIVE,Get it turned around this week,DONE,,2026-08-06T05:46:40.960Z
92f94fc9-d055-4c10-a315-d63ded437cd4,d9f4cdcc-7391-4ec2-9c51-e3511ccfd0ed,EMAIL,INBOUND,Harbor Creative — website rebuild,"Hello,

We're a 30-person design studio and we're looking at rebuilding our marketing site before the new year. Rough budget is somewhere around 60k.

I've copied Priya from our agency partner, who'll be helping us scope it.

Would you have capacity to talk next week?

Regards,
Tomas Lind
Harbor Creative",2026-07-29T09:30:00.000Z,AGENT_INFERRED,sim-msg-007,7e93e369-f261-4f3d-94a9-f9f8d058848e,sim-thread-harbor,,,,,,,"Hello, We're a 30-person design studio and we're looking at rebuilding our marketing site before the new year. Rough budget is somewhere around 60k. I've copied Priya from our agency partner, who'll be helping us scope it.",NEUTRAL,,DONE,,2026-08-06T05:46:40.998Z
9a912c8e-d241-4d4b-bf18-3cd7fabdd108,d9f4cdcc-7391-4ec2-9c51-e3511ccfd0ed,EMAIL,OUTBOUND,Re: Harbor Creative — website rebuild,"Tomas,

We'd be glad to. I've put a hold on Tuesday at 11.

Ahead of that, it would help to know roughly how many templates you're expecting and whether the CMS is staying put.",2026-07-30T03:30:00.000Z,AGENT_INFERRED,sim-msg-008,7e93e369-f261-4f3d-94a9-f9f8d058848e,sim-thread-harbor,,,,,,,"Tomas, We'd be glad to. I've put a hold on Tuesday at 11. Ahead of that, it would help to know roughly how many templates you're expecting and whether the CMS is staying put.",POSITIVE,,DONE,,2026-08-06T05:46:41.022Z
9b62ed95-3628-4db3-8beb-9e6bded7def1,d9f4cdcc-7391-4ec2-9c51-e3511ccfd0ed,MEETING,OUTBOUND,Northwind — security review (moved),Rescheduled at Northwind's request.,2026-08-08T10:30:00.000Z,AGENT_INFERRED,sim-evt-101,7e93e369-f261-4f3d-94a9-f9f8d058848e,,3600,,,,,,Walk through the data-handling summary with Northwind security.,NEUTRAL,,DONE,,2026-08-06T05:46:41.048Z