id,activityId,entityType,entityId,isPrimary
733f970c-1fcf-426e-8a70-175adc36be7d,f7e1f19a-906d-40be-8d9b-dbac9caf319a,DEAL,2b440ce8-5f4a-4d41-bf55-20c7b99f14ab,true
e0031213-8a74-402c-bcfb-b95fb22307e7,f7e1f19a-906d-40be-8d9b-dbac9caf319a,COMPANY,3bd50638-dcbd-48f1-a241-718c2635288a,false
d995152f-3d3b-4b8b-83a2-a9fc873f3356,f7e1f19a-906d-40be-8d9b-dbac9caf319a,CONTACT,83c7f4f4-fc77-4ade-9d9a-7e7390f5eda4,false
b274db09-5958-4df6-a6e1-5a79032e4f85,b9ee1b5a-6ce3-4683-86b3-9351d36ad571,DEAL,2b440ce8-5f4a-4d41-bf55-20c7b99f14ab,true
e47eba2e-386c-4911-bd54-8a4fa7a74d16,b9ee1b5a-6ce3-4683-86b3-9351d36ad571,COMPANY,3bd50638-dcbd-48f1-a241-718c2635288a,false
3946a896-6279-4325-b2b8-464bfc4f2dc8,b9ee1b5a-6ce3-4683-86b3-9351d36ad571,CONTACT,83c7f4f4-fc77-4ade-9d9a-7e7390f5eda4,false
b74c8dcc-f387-4f9c-b1d7-cec7975ce857,6d6231fa-471d-4c33-8449-d5b9671f11bb,DEAL,2b440ce8-5f4a-4d41-bf55-20c7b99f14ab,true
2fecd1a8-52c2-49a5-9a38-563deb6ff79d,6d6231fa-471d-4c33-8449-d5b9671f11bb,COMPANY,3bd50638-dcbd-48f1-a241-718c2635288a,false
f82c49e7-5544-417c-a4af-26fe7e1cf498,6d6231fa-471d-4c33-8449-d5b9671f11bb,CONTACT,83c7f4f4-fc77-4ade-9d9a-7e7390f5eda4,false
c396cd4b-5497-482f-9d64-38030de8b80c,7d8bc76f-570e-4102-91c1-680920c028d5,DEAL,2b440ce8-5f4a-4d41-bf55-20c7b99f14ab,true
deb49655-4cc9-4b86-8777-e72c7ff6a3f9,7d8bc76f-570e-4102-91c1-680920c028d5,COMPANY,3bd50638-dcbd-48f1-a241-718c2635288a,false
10150886-f967-4542-99b3-118ae2584602,7d8bc76f-570e-4102-91c1-680920c028d5,CONTACT,83c7f4f4-fc77-4ade-9d9a-7e7390f5eda4,false
1d47f77a-17c3-472a-b79e-640290265954,d5f4faeb-10e3-4465-afec-054abb7902df,DEAL,2b440ce8-5f4a-4d41-bf55-20c7b99f14ab,true
fc9064b3-5b3a-45b3-aa86-52cdb2d610fb,d5f4faeb-10e3-4465-afec-054abb7902df,COMPANY,3bd50638-dcbd-48f1-a241-718c2635288a,false
6eed703c-bc89-4edd-b322-365cccde486e,d5f4faeb-10e3-4465-afec-054abb7902df,CONTACT,83c7f4f4-fc77-4ade-9d9a-7e7390f5eda4,false
94bf7d0e-dac5-4a8e-8d39-b40dda13945e,b0bdb889-3396-4f0c-b8d9-99e719c20ed3,CONTACT,83c7f4f4-fc77-4ade-9d9a-7e7390f5eda4,true